--실습문제--
--도서관리 프로그램을 만들기 위한 테이블을 만들기
--이때, 제약조건에 이름을 부여할 것
-- 각 컬럼에 주석달기

--1. 출판사들에 대한 데이터를 담기 위한 출판사 테이블(TB_PUBLISHER)
--컬럼: PUB_NO(출판사번호) --기본키(PUBLISHER_PK)
-- PUB_NAME(출판사명) --NOT NULL(PUBLICHSER_NN)
-- PHONE(출판사전화번호) --제약조건 없음
--3개 정도의 샘플 데이터 추가하기

CREATE TABLE TB_PUBLISHER (
    PUB_NO NUMBER CONSTRAINT PUBLISHER_PK PRIMARY KEY,
    PUB_NAME VARCHAR2(20) CONSTRAINT PUBLISHER_NN NOT NULL,
    PHONE VARCHAR2(15)
    );

COMMENT ON COLUMN TB_PUBLISHER.PUB_NO IS '출판사번호';
COMMENT ON COLUMN TB_PUBLISHER.PUB_NAME IS '출판사명';
COMMENT ON COLUMN TB_PUBLISHER.PHONE IS '출판사전화번호';

SELECT * FROM TB_PUBLISHER;
INSERT INTO TB_PUBLISHER VALUES(101, '살판', '070-4584-4485');
INSERT INTO TB_PUBLISHER VALUES(102, '술판', '070-6758-3934');
INSERT INTO TB_PUBLISHER VALUES(103, '바둑판', '070-5834-2384');

--2. 도서들에 대한 데이터를 담기 위한 도서 테이블(TB_BOOK)
--컬럼: BK_NO(도서번호) --기본키(BOOK_PK)
-- BK_TITLE(도서명) --NOT NULL(BOOK_NN_TITLE)
-- BK_AUTHOR(저자명) --NOT NULL(BOOK_NN_AUTHOR)
-- BK_PRICE(가격)
-- BK_STOCK(재고) --기본값 1로 지정
-- BK_PUB_NO(출판사번호) --외래키(BOOK_FK)(TB_PUBLISHER 테이블을 참조하도록)
-- 이때 참조하고 있는 부모데이터 삭제 시 자식데이터도 삭제되도록 설정
--5개 정도의 샘플 데이터 추가하기

CREATE TABLE TB_BOOK(
    BK_NO NUMBER CONSTRAINT BOOK_PK PRIMARY KEY,
    BK_TITLE VARCHAR2(20) CONSTRAINT BOOK_NN_TITLE NOT NULL,
    BK_AUTHOR VARCHAR2(20) CONSTRAINT BOOK_NN_AUTHOR NOT NULL,
    BK_PRICE NUMBER,
    BK_STOCK NUMBER DEFAULT 1,
    BK_PUB_NO NUMBER CONSTRAINT BOOK_FK REFERENCES TB_PUBLISHER(PUB_NO) ON DELETE CASCADE
);

SELECT * FROM TB_BOOK;

COMMENT ON COLUMN TB_BOOK.BK_NO IS '도서번호';
COMMENT ON COLUMN TB_BOOK.BK_TITLE IS '도서명';
COMMENT ON COLUMN TB_BOOK.BK_AUTHOR IS '저자명';
COMMENT ON COLUMN TB_BOOK.BK_PRICE IS '가격';
COMMENT ON COLUMN TB_BOOK.BK_STOCK IS '재고';
COMMENT ON COLUMN TB_BOOK.BK_PUB_NO IS '출판사번호';

INSERT INTO TB_BOOK VALUES (1, '드래곤볼 27', '손호공', 8500, 4, 101);
INSERT INTO TB_BOOK VALUES (2, '구해줘', '기욤뮈소', 17500, 2, 102);
INSERT INTO TB_BOOK VALUES (3, '종이여자', '기욤뮈소', 18000, 5, 102);
INSERT INTO TB_BOOK VALUES (4, '지혜를 주마', '손로몬', 16000, 6, 103);
INSERT INTO TB_BOOK VALUES (5, '궁예의 관심법', '남궁 예', 17000, 6, 103);

-- DROP TABLE TB_BOOK;


--3. 회원에 대한 데이터를 담기 위한 회원 테이블(TB_MEMBER)
--컬럼명: MEMBER_NO(회원번호) --기본키(MEMBER_PK)
-- MEMBER_ID(아이디) --중복금지(MEMBER_UQ)
--MEMBER_PWD(비밀번호) NOT NULL(MEMBER_NN_PWD)
--MEMBER_NAME(회원명) NOT NULL(MEMBER_NN_NAME)
--GENDER(성별) 'M' 또는 'F'로 입력되도록 제한(MEMBER_CK_GEN)
--ADDRESS(주소)
--PHONE(연락처)
--STATUS(탈퇴여부) --기본값으로 'N' 그리고 'Y' 혹은 'N'으로 입력되도록 제약조건(MEMBER_CK_STA)
--ENROLL_DATE(가입일) --기본값으로 SYSDATE, NOT NULL 조건(MEMBER_NN_EN)
--5개 정도의 샘플 데이터 추가하기

CREATE TABLE TB_MEMBER(
    MEMBER_NO NUMBER CONSTRAINT MEMBER_PK PRIMARY KEY,
    MEMBER_ID VARCHAR2(15) CONSTRAINT MEMBER_UQ UNIQUE,
    MEMBER_PWD VARCHAR2(15) CONSTRAINT MEMBER_NN_PWD NOT NULL,
    MEMBER_NAME VARCHAR2(15) CONSTRAINT MEMBER_NN_NAME NOT NULL,
    GENDER CHAR(4) CONSTRAINT MEMBER_CK_GEN CHECK(GENDER IN ('M', 'F')),
    ADDRESS VARCHAR2(50),
    PHONE VARCHAR2(15),
    STATUS CHAR(4) DEFAULT 'N' CONSTRAINT MEMBER_CK_STA CHECK(STATUS IN ('Y', 'N')),
    ENROLL_DATE DATE DEFAULT SYSDATE CONSTRAINT MEMBER_NN_EN NOT NULL
);
-- DROP TABLE TB_MEMBER;

SELECT * FROM TB_MEMBER;
COMMENT ON COLUMN TB_MEMBER.MEMBER_NO IS '회원번호';
COMMENT ON COLUMN TB_MEMBER.MEMBER_ID IS '아이디';
COMMENT ON COLUMN TB_MEMBER.MEMBER_PWD IS '비밀번호';
COMMENT ON COLUMN TB_MEMBER.MEMBER_NAME IS '회원명';
COMMENT ON COLUMN TB_MEMBER.GENDER IS '성별';
COMMENT ON COLUMN TB_MEMBER.ADDRESS IS '주소';
COMMENT ON COLUMN TB_MEMBER.PHONE IS '연락처';
COMMENT ON COLUMN TB_MEMBER.STATUS IS '탈퇴여부';
COMMENT ON COLUMN TB_MEMBER.ENROLL_DATE IS '가입일';

INSERT INTO TB_MEMBER VALUES (101, 'user1', 'pass1', '아무개', 'M', '경기 구미', '010-4774-3848', 'N', '24/7/25');
INSERT INTO TB_MEMBER VALUES (102, 'user2', 'pass2', '홍길동', 'M', '서울 마포', '010-5384-3895', 'N', '24/8/13');
INSERT INTO TB_MEMBER VALUES (103, 'user3', 'pass3', '김기석', 'M', '서울 광진', '010-9011-5641', 'N', '25/7/11');
INSERT INTO TB_MEMBER VALUES (104, 'user4', 'pass4', '아줌마', 'F', '제주 한라', '010-5743-5668', 'Y', '21/9/14');
INSERT INTO TB_MEMBER VALUES (105, 'user5', 'pass5', '향숙이', 'F', '울산 강북', '010-2834-5884', 'N', '23/8/15');

--4. 도서를 대여한 회원에 대한 데이터를 담기 위한 대여목록 테이블(TB_RENT)
--컬럼:
--RENT_NO(대여번호) --기본키(RENT_PK)
--RENT_MEM_NO(대여회원번호) --외래키(RENT_FK_MEM) TB_MEMBER와 참조하도록
        --이때 부모데이터 삭제 시 NULL값이 되도록 옵션 설정
--RENT_BOOK_NO(대여도서번호) --외래키(RENT_FK_BOOK) TB_BOOK와 참조하도록
        --이때 부모데이터 삭제 시 NULL값이 되도록 옵션설정
--RENT_DATE(대여일) --기본값 SYSDATE
--샘플데이터 3개정도 추가하기

CREATE TABLE TB_RENT(
    RENT_NO NUMBER CONSTRAINT RENT_PK PRIMARY KEY,
    RENT_MEM_NO NUMBER CONSTRAINT RENT_FK_MEN REFERENCES TB_MEMBER(MEMBER_NO) ON DELETE SET NULL,
    RENT_BOOK_NO NUMBER CONSTRAINT RENT_FK_BOOK REFERENCES TB_BOOK(BK_NO) ON DELETE SET NULL,
    RENT_DATE DATE DEFAULT SYSDATE
);

COMMENT ON COLUMN TB_RENT.RENT_NO IS '대여번호';
COMMENT ON COLUMN TB_RENT.RENT_MEM_NO IS '대여회원번호';
COMMENT ON COLUMN TB_RENT.RENT_BOOK_NO IS '대여도서번호';
COMMENT ON COLUMN TB_RENT.RENT_DATE IS '대여일';

SELECT * FROM TB_RENT;
INSERT INTO TB_RENT VALUES (5523, 103, 2, '25/06/18');
INSERT INTO TB_RENT VALUES (4834, 104, 4, '25/02/20');
INSERT INTO TB_RENT VALUES (5412, 101, 5, '25/05/15');

--2번 도서를 대여한 회원의 이름, 아이디, 대여일, 반납예정일(대여일+7)을 조회하시오.
SELECT * FROM TB_PUBLISHER;
SELECT * FROM TB_BOOK;
SELECT * FROM TB_MEMBER;
SELECT * FROM TB_RENT;

SELECT MEMBER_NAME, MEMBER_ID, RENT_DATE, EXTRACT(DAY FROM RENT_DATE) + 7 || '일' "반납예정일"
FROM TB_RENT R, TB_MEMBER M, TB_BOOK B, TB_PUBLISHER P
WHERE R.RENT_MEM_NO = M.MEMBER_NO
  AND R.RENT_BOOK_NO = B.BK_NO
  AND B.BK_PUB_NO = P.PUB_NO
  AND BK_NO = 2;






















